input,output
他还有什么课,"根据提供的信息，除了计算机网络、机器学习和实验室时间（数据结构与算法 I），您还上了以下课程：

- 数据结构与算法 I（星期一 9:00 AM - 10:30 AM）
- 计算机系统概论（星期一 11:00 AM - 12:30 PM）
- 数学逻辑与离散数学（星期一 2:00 PM - 3:30 PM）
- 软件工程基础（星期二 10:00 AM - 11:30 AM）
- 编程语言概论（星期二 1:00 PM - 2:30 PM）
- 人工智能导论（星期二 3:00 PM - 4:30 PM）
- 数据库系统（星期三 9:00 AM - 10:30 AM）
- 网络与通信（星期三 11:00 AM - 12:30 PM）
- 高级编程技术（星期三 2:00 PM - 3:30 PM）
- 操作系统（星期四 10:00 AM - 11:30 AM）
- 计算机图形学（星期四 1:00 PM - 2:30 PM）
- 数据科学基础（星期四 3:00 PM - 4:30 PM）"
张教授上过什么课,"张教授上了以下课程：
1. 数据结构与算法 I
2. 数据库系统
3. 计算机网络"
分别是几点到几点,"这些产品的行程安排具体时间如下：

**北京一日游**：
- **早上**：天安门广场（时间不详细），故宫博物院（时间不详细）
- **中午**：午餐（时间不详细）
- **下午**：颐和园（时间不详细），什刹海（时间不详细）
- **晚上**：王府井步行街（时间不详细），京剧表演（时间不详细）

**上海三日游**：
- **第一天**：
  - 上午：参观外滩
  - 中午：南京路步行街
  - 下午：游览上海城隍庙
  - 晚上：新天地
- **第二天**：
  - 上午：上海博物馆
  - 中午：城隍庙附近餐馆
  - 下午：豫园
  - 晚上：上海大舞台
- **第三天**：
  - 上午：周庄水乡
  - 中午：周庄
  - 下午：游船观光周庄古镇
  - 晚上：静安寺附近

**美国一周游**：
- **第一天**：
  - 上午：自由女神像和双子塔遗址
  - 中午：曼哈顿街边小餐馆
  - 下午：中央公园
  - 晚上：时代广场
- **第二天**：
  - 上午：华盛顿纪念碑和林肯纪念堂
  - 中午：国家广场一带餐馆
  - 下午：史密森尼国家博物馆
  - 晚上：乔治城
- **第三天**：
  - 上午：金门大桥和渔人码头
  - 中午：渔人码头
  - 下午：电车游旧金山，金门公园
  - 晚上：唐人街
- **第四天**：
  - 上午：好莱坞环球影城
  - 中午：好莱坞一带餐厅
  - 下午：好莱坞星光大道和手印广场
  - 晚上：洛杉矶市中心
- **第五天**：
  - 上午：拉斯维加斯赌城地标建筑
  - 中午：豪华自助餐厅
  - 下午：拉斯维加斯大道
  - 晚上：赌场或表演秀
- **第六天**：
  - 上午至下午：自由活动
  - 晚上：当地美食或夜生活"
